SrNo,ScriptFullName,ScriptName,Type
1,com.kibo.qa.selenium.fulfillerTests.orderProcessingTests.Intermix_StoreManager_OrderProcessingTest,Intermix_StoreManager_OrderProcessingTest,Order_Processing_Tests
2,com.kibo.qa.selenium.fulfillerTests.orderProcessingTests.Intermix_StoreEmployee_OrderProcessingTest,Intermix_StoreEmployee_OrderProcessingTest,Order_Processing_Tests
3,com.kibo.qa.selenium.fulfillerTests.orderProcessingTests.Intermix_StoreAssociate_OrderProcessingTest,Intermix_StoreAssociate_OrderProcessingTest,Order_Processing_Tests
4,com.kibo.qa.selenium.fulfillerTests.orderProcessingTests.Modells_StoreManager_OrderProcessingTest,Modells_StoreManager_OrderProcessingTest,Order_Processing_Tests
5,com.kibo.qa.selenium.fulfillerTests.orderProcessingTests.Modells_StoreEmployee_OrderProcessingTest,Modells_StoreEmployee_OrderProcessingTest,Order_Processing_Tests
6,com.kibo.qa.selenium.fulfillerTests.orderProcessingTests.Modells_StoreAssociate_OrderProcessingTest,Modells_StoreAssociate_OrderProcessingTest,Order_Processing_Tests
7,com.kibo.qa.selenium.fulfillerTests.orderProcessingTests.Roots_StoreManager_OrderProcessingTest,Roots_StoreManager_OrderProcessingTest,Order_Processing_Tests
8,com.kibo.qa.selenium.fulfillerTests.orderProcessingTests.Roots_StoreEmployee_OrderProcessingTest,Roots_StoreEmployee_OrderProcessingTest,Order_Processing_Tests
9,com.kibo.qa.selenium.fulfillerTests.orderProcessingTests.Roots_StoreAssociate_OrderProcessingTest,Roots_StoreAssociate_OrderProcessingTest,Order_Processing_Tests
10,com.kibo.qa.selenium.fulfillerTests.orderFulfillmentTests.Intermix_OrderFulfillmentTest,Intermix_OrderFulfillmentTest,Order_Fulfillment_Tests
11,com.kibo.qa.selenium.fulfillerTests.orderFulfillmentTests.Modells_OrderFulfillmentTest,Modells_OrderFulfillmentTest,Order_Fulfillment_Tests
12,com.kibo.qa.selenium.fulfillerTests.orderFulfillmentTests.Roots_OrderFulfillmentTest,Roots_OrderFulfillmentTest,Order_Fulfillment_Tests
13,com.kibo.qa.selenium.fulfillerTests.orderInProcessTests.Intermix_OrderInProcessTest,Intermix_OrderInProcessTest,Order_In_Process_Tests
14,com.kibo.qa.selenium.fulfillerTests.orderInProcessTests.Modells_OrderInProcessTest,Modells_OrderInProcessTest,Order_In_Process_Tests
15,com.kibo.qa.selenium.fulfillerTests.orderInProcessTests.Roots_OrderInProcessTest,Roots_OrderInProcessTest,Order_In_Process_Tests
16,com.kibo.qa.selenium.fulfillerTests.fulfillerHomePageTests.Intermix_StoreManager_FulfillerHomePageTest,Intermix_StoreManager_FulfillerHomePageTest,Fulfiller_HomePageTests
17,com.kibo.qa.selenium.fulfillerTests.fulfillerHomePageTests.Intermix_StoreEmployee_FulfillerHomePageTest,Intermix_StoreEmployee_FulfillerHomePageTest,Fulfiller_HomePageTests
18,com.kibo.qa.selenium.fulfillerTests.fulfillerHomePageTests.Intermix_StoreAssociate_FulfillerHomePageTest,Intermix_StoreAssociate_FulfillerHomePageTest,Fulfiller_HomePageTests
19,com.kibo.qa.selenium.fulfillerTests.fulfillerHomePageTests.Modells_StoreManager_FulfillerHomeTest,Modells_StoreManager_FulfillerHomeTest,Fulfiller_HomePageTests
20,com.kibo.qa.selenium.fulfillerTests.fulfillerHomePageTests.Modells_StoreEmployee_FulfillerHomeTest,Modells_StoreEmployee_FulfillerHomeTest,Fulfiller_HomePageTests
21,com.kibo.qa.selenium.fulfillerTests.fulfillerHomePageTests.Modells_StoreAssociate_FulfillerHomeTest,Modells_StoreAssociate_FulfillerHomeTest,Fulfiller_HomePageTests
22,com.kibo.qa.selenium.fulfillerTests.fulfillerHomePageTests.Roots_StoreManager_FulfillerHomeTest,Roots_StoreManager_FulfillerHomeTest,Fulfiller_HomePageTests
23,com.kibo.qa.selenium.fulfillerTests.fulfillerHomePageTests.Roots_StoreEmployee_FulfillerHomeTest,Roots_StoreEmployee_FulfillerHomeTest,Fulfiller_HomePageTests
24,com.kibo.qa.selenium.fulfillerTests.fulfillerHomePageTests.Roots_StoreAssociate_FulfillerHomeTest,Roots_StoreAssociate_FulfillerHomeTest,Fulfiller_HomePageTests
25,com.kibo.qa.selenium.fulfillerTests.fulfillerHomePageTests.CostPlus_StoreManager_FulfillerHomeTest,CostPlus_StoreManager_FulfillerHomeTest,Fulfiller_HomePageTests
26,com.kibo.qa.selenium.fulfillerTests.fulfillerHomePageTests.CostPlus_StoreEmployee_FulfillerHomeTest,CostPlus_StoreEmployee_FulfillerHomeTest,Fulfiller_HomePageTests
27,com.kibo.qa.selenium.fulfillerTests.fulfillerHomePageTests.CostPlus_StoreAssociate_FulfillerHomeTest,CostPlus_StoreAssociate_FulfillerHomeTest,Fulfiller_HomePageTests
28,com.kibo.qa.selenium.fulfillerTests.homeTests.Intermix_HomeTest,Intermix_HomeTest,Home_Tests
29,com.kibo.qa.selenium.fulfillerTests.homeTests.Modells_HomeTest,Modells_HomeTest,Home_Tests
30,com.kibo.qa.selenium.fulfillerTests.homeTests.CostPlus_HomeTest,CostPlus_HomeTest,Home_Tests
31,com.kibo.qa.selenium.fulfillerTests.homeTests.Roots_HomeTest,Roots_HomeTest,Home_Tests
32,com.kibo.qa.selenium.fulfillerTests.orderListingTests.Intermix_OrderListingTest,Intermix_OrderListingTest,Order_Listing_Tests
33,com.kibo.qa.selenium.fulfillerTests.orderListingTests.Modells_OrderListingTest,Modells_OrderListingTest,Order_Listing_Tests
34,com.kibo.qa.selenium.fulfillerTests.orderListingTests.Roots_OrderListingTest,Roots_OrderListingTest,Order_Listing_Tests
35,com.kibo.qa.selenium.fulfillerTests.orderLookupTests.Intermix_OrderLookupTest,Intermix_OrderLookupTest,Order_Lookup_Tests
36,com.kibo.qa.selenium.fulfillerTests.orderLookupTests.Modells_OrderLookupTest,Modells_OrderLookupTest,Order_Lookup_Tests
37,com.kibo.qa.selenium.fulfillerTests.orderLookupTests.Roots_OrderLookupTest,Roots_OrderLookupTest,Order_Lookup_Tests
38,com.kibo.qa.selenium.fulfillerTests.returnsTests.Intermix_ReturnsTest,Intermix_ReturnsTest,Returns_Tests
39,com.kibo.qa.selenium.fulfillerTests.returnsTests.Modells_ReturnsTest,Modells_ReturnsTest,Returns_Tests
40,com.kibo.qa.selenium.fulfillerTests.searchInventoryTests.Intermix_SearchInventoryTest,Intermix_SearchInventoryTest,Search_Inventory_Tests
41,com.kibo.qa.selenium.fulfillerTests.searchInventoryTests.CostPlus_SearchInventoryTest,CostPlus_SearchInventoryTest,Search_Inventory_Tests
42,com.kibo.qa.selenium.fulfillerTests.searchInventoryTests.Modells_SearchInventoryTest,Modells_SearchInventoryTest,Search_Inventory_Tests
43,com.kibo.qa.selenium.fulfillerTests.searchInventoryTests.Roots_SearchInventoryTest,Roots_SearchInventoryTest,Search_Inventory_Tests
44,com.kibo.qa.selenium.fulfillerTests.settingsManageUsersTests.Intermix_SettingsManageUsersTest,Intermix_SettingsManageUsersTest,Settings_Manage_User_Tests
45,com.kibo.qa.selenium.fulfillerTests.settingsManageUsersTests.Modells_SettingsManageUsersTest,Modells_SettingsManageUsersTest,Settings_Manage_User_Tests
46,com.kibo.qa.selenium.fulfillerTests.settingsManageUsersTests.Roots_SettingsManageUsersTest,Roots_SettingsManageUsersTest,Settings_Manage_User_Tests
47,com.kibo.qa.selenium.fulfillerTests.settingsManageUsersTests.CostPlus_SettingsManageUsersTest,CostPlus_SettingsManageUsersTest,Settings_Manage_User_Tests
48,com.kibo.qa.selenium.fulfillerTests.serialNumberTests.Intermix_SerialNumberTest,Intermix_SerialNumberTest,Serial_Number_Testing_Tests
49,com.kibo.qa.selenium.fulfillerTests.serialNumberTests.Modells_SerialNumberTest,Modells_SerialNumberTest,Serial_Number_Testing_Tests
50,com.kibo.qa.selenium.fulfillerTests.serialNumberTests.Roots_SerialNumberTest,Roots_SerialNumberTest,Serial_Number_Testing_Tests
51,com.kibo.qa.selenium.fulfillerTests.serialNumberTests.TourneauTest_SerialNumberTest,TourneauTest_SerialNumberTest,Serial_Number_Testing_Tests
52,com.kibo.qa.selenium.fulfillerTests.wmsWorkFlowTests.WMS_IntermixTest,WMS_IntermixTest,WMS_Tests
53,com.kibo.qa.selenium.fulfillerTests.wmsWorkFlowTests.WMS_ModellsTest,WMS_ModellsTest,WMS_Tests
54,com.kibo.qa.selenium.fulfillerTests.fulfillerAccountSettingsTests.displaySettingsTests.Roots_Fulfiller_Account_SettingsTest,DisplaySettingsTests_Roots_Fulfiller_Account_SettingsTest,Fulfiller_Account_Settings_Tests
55,com.kibo.qa.selenium.fulfillerTests.fulfillerAccountSettingsTests.displaySettingsTests.Intermix_Fulfiller_Account_SettingsTest,DisplaySettingsTests_Intermix_Fulfiller_Account_SettingsTest,Fulfiller_Account_Settings_Tests
56,com.kibo.qa.selenium.fulfillerTests.fulfillerAccountSettingsTests.displaySettingsTests.Modells_Fulfiller_Account_SettingsTest,DisplaySettingsTests_Modells_Fulfiller_Account_SettingsTest,Fulfiller_Account_Settings_Tests
57,com.kibo.qa.selenium.fulfillerTests.fulfillerAccountSettingsTests.fulfillerInterfaceTests.Intermix_Fulfiller_Account_SettingsTest,FulfillerInterfaceTests_Intermix_Fulfiller_Account_SettingsTest,Fulfiller_Account_Settings_Tests
58,com.kibo.qa.selenium.fulfillerTests.fulfillerAccountSettingsTests.fulfillerInterfaceTests.Modells_Fulfiller_Account_SettingsTest,FulfillerInterfaceTests_Modells_Fulfiller_Account_SettingsTest,Fulfiller_Account_Settings_Tests
59,com.kibo.qa.selenium.fulfillerTests.fulfillerAccountSettingsTests.fulfillerInterfaceTests.Roots_Fulfiller_Account_SettingsTest,FulfillerInterfaceTests_Roots_Fulfiller_Account_SettingsTest,Fulfiller_Account_Settings_Tests
60,com.kibo.qa.selenium.fulfillerTests.fulfillerAccountSettingsTests.fulfillerInterfaceTests.CostPlus_Fulfiller_Account_SettingsTest,FulfillerInterfaceTests_CostPlus_Fulfiller_Account_SettingsTest,Fulfiller_Account_Settings_Tests
61,com.kibo.qa.selenium.fulfillerTests.fulfillerAccountSettingsTests.returnsTests.Intermix_Fulfiller_Account_SettingsTest,ReturnsTests_Intermix_Fulfiller_Account_SettingsTest,Fulfiller_Account_Settings_Tests
62,com.kibo.qa.selenium.fulfillerTests.fulfillerAccountSettingsTests.returnsTests.Modells_Fulfiller_Account_SettingsTest,ReturnsTests_Modells_Fulfiller_Account_SettingsTest,Fulfiller_Account_Settings_Tests
63,com.kibo.qa.selenium.fulfillerTests.fulfillerAccountSettingsTests.returnsTests.Roots_Fulfiller_Account_SettingsTest,ReturnsTests_Roots_Fulfiller_Account_SettingsTest,Fulfiller_Account_Settings_Tests
64,com.kibo.qa.selenium.fulfillerTests.fulfillerAccountSettingsTests.ISPU.Roots_Fulfiller_Account_SettingsTest,ISPU_Roots_Fulfiller_Account_SettingsTest,Fulfiller_Account_Settings_Tests
65,com.kibo.qa.selenium.fulfillerTests.fulfillerAccountSettingsTests.pickAndPackTests.Intermix_Fulfiller_Account_SettingsTest,PickAndPackTests_Intermix_Fulfiller_Account_SettingsTest,Fulfiller_Account_Settings_Tests
66,com.kibo.qa.selenium.fulfillerTests.fulfillerAccountSettingsTests.pickAndPackTests.Modells_Fulfiller_Account_SettingsTest,PickAndPackTests_Modells_Fulfiller_Account_SettingsTest,Fulfiller_Account_Settings_Tests
67,com.kibo.qa.selenium.fulfillerTests.fulfillerAccountSettingsTests.pickAndPackTests.Roots_Fulfiller_Account_SettingsTest,PickAndPackTests_Roots_Fulfiller_Account_SettingsTest,Fulfiller_Account_Settings_Tests
68,com.kibo.qa.selenium.fulfillerTests.fulfillerAccountSettingsTests.pickAndPackTests.CostPlus_Fulfiller_Account_SettingsTest,PickAndPackTests_CostPlus_Fulfiller_Account_SettingsTest,Fulfiller_Account_Settings_Tests
69,com.kibo.qa.selenium.fulfillerTests.locationNetworkTests.CPWM_StoreManager_LocationNetworkTest,CPWM_StoreManager_LocationNetworkTest,Location_Network_Tests
70,com.kibo.qa.selenium.fulfillerTests.locationNetworkTests.CPWM_StoreEmployee_LocationNetworkTest,CPWM_StoreEmployee_LocationNetworkTest,Location_Network_Tests
71,com.kibo.qa.selenium.fulfillerTests.locationNetworkTests.CPWM_StoreAssociate_LocationNetworkTest,CPWM_StoreAssociate_LocationNetworkTest,Location_Network_Tests
72,com.kibo.qa.selenium.fulfillerTests.locationNetworkTests.Intermix_StoreManager_LocationNetworkTest,Intermix_StoreManager_LocationNetworkTest,Location_Network_Tests
73,com.kibo.qa.selenium.fulfillerTests.locationNetworkTests.Intermix_StoreEmployee_LocationNetworkTest,Intermix_StoreEmployee_LocationNetworkTest,Location_Network_Tests
74,com.kibo.qa.selenium.fulfillerTests.locationNetworkTests.Intermix_StoreAssociate_LocationNetworkTest,Intermix_StoreAssociate_LocationNetworkTest,Location_Network_Tests
75,com.kibo.qa.selenium.fulfillerTests.locationNetworkTests.Modells_StoreManager_LocationNetworkTest,Modells_StoreManager_LocationNetworkTest,Location_Network_Tests
76,com.kibo.qa.selenium.fulfillerTests.locationNetworkTests.Modells_StoreEmployee_LocationNetworkTest,Modells_StoreEmployee_LocationNetworkTest,Location_Network_Tests
77,com.kibo.qa.selenium.fulfillerTests.locationNetworkTests.Modells_StoreAssociate_LocationNetworkTest,Modells_StoreAssociate_LocationNetworkTest,Location_Network_Tests
78,com.kibo.qa.selenium.fulfillerTests.locationNetworkTests.Roots_StoreManager_LocationNetworkTest,Roots_StoreManager_LocationNetworkTest,Location_Network_Tests
79,com.kibo.qa.selenium.fulfillerTests.locationNetworkTests.Roots_StoreEmployee_LocationNetworkTest,Roots_StoreEmployee_LocationNetworkTest,Location_Network_Tests
80,com.kibo.qa.selenium.fulfillerTests.locationNetworkTests.Roots_StoreAssociate_LocationNetworkTest,Roots_StoreAssociate_LocationNetworkTest,Location_Network_Tests
81,com.kibo.qa.selenium.fulfillerTests.pickAndPackTests.settingsTests.Roots_SettingsTest,SettingsTests_Roots_SettingsTest,PickAndPack_Setting_Tests
82,com.kibo.qa.selenium.fulfillerTests.pickAndPackTests.openWavesPageTests.Roots_OpenWavePageTest,OpenWavesPageTests_Roots_OpenWavePageTest,PickAndPack_Setting_Tests
83,com.kibo.qa.selenium.fulfillerTests.pickAndPackTests.pickWaveDetailsPageTests.Roots_PickWaveDetailsPageTest,PickWaveDetailsPageTests_Roots_PickWaveDetailsPageTest,PickAndPack_Setting_Tests
84,com.kibo.qa.selenium.fulfillerTests.pickAndPackTests.userRolesTests.Roots_UserRolesTest,UserRolesTests_Roots_UserRolesTest,PickAndPack_Setting_Tests
85,com.kibo.qa.selenium.fulfillerTests.pickAndPackTests.simpleISPUTests.Roots_SimpleISPUTest,SimpleISPUTests_Roots_SimpleISPUTest,PickAndPack_Setting_Tests
86,com.kibo.qa.selenium.fulfillerTests.pickAndPackTests.simpleSTHTests.Roots_SimpleSTHTest,SimpleSTHTests_Roots_SimpleSTHTest,PickAndPack_Setting_Tests
87,com.kibo.qa.selenium.fulfillerTests.pickAndPackTests.advancedSTHTests.Roots_AdvancedSTHTest,AdvancedSTHTests_Roots_AdvancedSTHTest,PickAndPack_Setting_Tests
88,com.kibo.qa.selenium.fulfillerTests.pickAndPackTests.advancedSTHTests.Roots_AdvancedSTHTest,AdvnacedISPUTests_Roots_AdvancedISPUTest,PickAndPack_Setting_Tests